--
-- PostgreSQL database dump
--

-- Dumped from database version 17.4
-- Dumped by pg_dump version 17.4

SET statement_timeout = 0;
SET lock_timeout = 0;
SET idle_in_transaction_session_timeout = 0;
SET transaction_timeout = 0;
SET client_encoding = 'UTF8';
SET standard_conforming_strings = on;
SELECT pg_catalog.set_config('search_path', '', false);
SET check_function_bodies = false;
SET xmloption = content;
SET client_min_messages = warning;
SET row_security = off;

--
-- Name: public; Type: SCHEMA; Schema: -; Owner: postgres
--

-- *not* creating schema, since initdb creates it


ALTER SCHEMA public OWNER TO postgres;

--
-- Name: SCHEMA public; Type: COMMENT; Schema: -; Owner: postgres
--

COMMENT ON SCHEMA public IS '';


SET default_tablespace = '';

SET default_table_access_method = heap;

--
-- Name: empresas; Type: TABLE; Schema: public; Owner: postgres
--

CREATE TABLE public.empresas (
    id bigint NOT NULL,
    cif character varying(255) NOT NULL,
    direccion character varying(255) NOT NULL,
    email character varying(150) NOT NULL,
    iban character varying(34),
    nombre character varying(255) NOT NULL,
    telefono character varying(255) NOT NULL,
    usuario_id bigint NOT NULL
);


ALTER TABLE public.empresas OWNER TO postgres;

--
-- Name: empresas_id_seq; Type: SEQUENCE; Schema: public; Owner: postgres
--

ALTER TABLE public.empresas ALTER COLUMN id ADD GENERATED BY DEFAULT AS IDENTITY (
    SEQUENCE NAME public.empresas_id_seq
    START WITH 1
    INCREMENT BY 1
    NO MINVALUE
    NO MAXVALUE
    CACHE 1
);


--
-- Name: facturas; Type: TABLE; Schema: public; Owner: postgres
--

CREATE TABLE public.facturas (
    id bigint NOT NULL,
    cuenta_bancaria character varying(255),
    estado character varying(20),
    fecha_emision date NOT NULL,
    forma_pago character varying(255),
    importe_irpf numeric(10,2),
    importe_iva numeric(10,2),
    numero_factura character varying(255) NOT NULL,
    observaciones text,
    porcentaje_irpf numeric(5,2),
    porcentaje_iva numeric(5,2) NOT NULL,
    total_bruto numeric(100,2) NOT NULL,
    total_factura numeric(100,2) NOT NULL,
    empresa_id bigint NOT NULL,
    usuario_id bigint NOT NULL
);


ALTER TABLE public.facturas OWNER TO postgres;

--
-- Name: facturas_id_seq; Type: SEQUENCE; Schema: public; Owner: postgres
--

ALTER TABLE public.facturas ALTER COLUMN id ADD GENERATED BY DEFAULT AS IDENTITY (
    SEQUENCE NAME public.facturas_id_seq
    START WITH 1
    INCREMENT BY 1
    NO MINVALUE
    NO MAXVALUE
    CACHE 1
);


--
-- Name: servicios; Type: TABLE; Schema: public; Owner: postgres
--

CREATE TABLE public.servicios (
    id bigint NOT NULL,
    albaran character varying(255),
    cliente_final character varying(255),
    conductor character varying(255),
    destino character varying(255) NOT NULL,
    dieta boolean,
    fecha_servicio date NOT NULL,
    horas_espera numeric(100,2),
    importe_espera numeric(100,2),
    importe_servicio numeric(100,2) NOT NULL,
    km integer NOT NULL,
    matricula_vehiculo character varying(255),
    observaciones text,
    orden integer,
    origen character varying(255) NOT NULL,
    precio_dieta numeric(100,2),
    precio_km numeric(100,2) NOT NULL,
    tipo_servicio character varying(255) NOT NULL,
    empresa_id bigint NOT NULL,
    factura_id bigint
);


ALTER TABLE public.servicios OWNER TO postgres;

--
-- Name: servicios_id_seq; Type: SEQUENCE; Schema: public; Owner: postgres
--

ALTER TABLE public.servicios ALTER COLUMN id ADD GENERATED BY DEFAULT AS IDENTITY (
    SEQUENCE NAME public.servicios_id_seq
    START WITH 1
    INCREMENT BY 1
    NO MINVALUE
    NO MAXVALUE
    CACHE 1
);


--
-- Name: usuario_roles; Type: TABLE; Schema: public; Owner: postgres
--

CREATE TABLE public.usuario_roles (
    usuario_id bigint NOT NULL,
    rol character varying(255)
);


ALTER TABLE public.usuario_roles OWNER TO postgres;

--
-- Name: usuarios; Type: TABLE; Schema: public; Owner: postgres
--

CREATE TABLE public.usuarios (
    id bigint NOT NULL,
    email character varying(255) NOT NULL,
    nombre character varying(255) NOT NULL,
    password character varying(255) NOT NULL
);


ALTER TABLE public.usuarios OWNER TO postgres;

--
-- Name: usuarios_id_seq; Type: SEQUENCE; Schema: public; Owner: postgres
--

ALTER TABLE public.usuarios ALTER COLUMN id ADD GENERATED BY DEFAULT AS IDENTITY (
    SEQUENCE NAME public.usuarios_id_seq
    START WITH 1
    INCREMENT BY 1
    NO MINVALUE
    NO MAXVALUE
    CACHE 1
);


--
-- Name: viajes; Type: TABLE; Schema: public; Owner: postgres
--

CREATE TABLE public.viajes (
    id bigint NOT NULL,
    destino character varying(255) NOT NULL,
    distancia numeric(10,2) NOT NULL,
    fecha date NOT NULL,
    importe_total numeric(10,2),
    origen character varying(255) NOT NULL,
    precio_km numeric(10,2) NOT NULL,
    empresa_id bigint NOT NULL
);


ALTER TABLE public.viajes OWNER TO postgres;

--
-- Name: viajes_id_seq; Type: SEQUENCE; Schema: public; Owner: postgres
--

ALTER TABLE public.viajes ALTER COLUMN id ADD GENERATED BY DEFAULT AS IDENTITY (
    SEQUENCE NAME public.viajes_id_seq
    START WITH 1
    INCREMENT BY 1
    NO MINVALUE
    NO MAXVALUE
    CACHE 1
);


--
-- Data for Name: empresas; Type: TABLE DATA; Schema: public; Owner: postgres
--

COPY public.empresas (id, cif, direccion, email, iban, nombre, telefono, usuario_id) FROM stdin;
201	B12345678	Calle Mayor 10, Valladolid	empresa1@example.com	ES9121000418450200051332	Transporte Norte S.L.	600111222	101
202	B87654321	Avenida Castilla 22, Burgos	empresa2@example.com	ES9121000418450200051444	Logística Este S.A.	600333444	101
203	B11223344	Calle Real 5, Sevilla	empresa3@example.com	ES9121000418450200051555	Transportes del Sur S.L.	600555666	102
204	B99887766	Avenida Galicia 8, A Coruña	empresa4@example.com	ES9121000418450200051666	Servicios Atlántico S.L.	600777888	102
\.


--
-- Data for Name: facturas; Type: TABLE DATA; Schema: public; Owner: postgres
--

COPY public.facturas (id, cuenta_bancaria, estado, fecha_emision, forma_pago, importe_irpf, importe_iva, numero_factura, observaciones, porcentaje_irpf, porcentaje_iva, total_bruto, total_factura, empresa_id, usuario_id) FROM stdin;
501	ES9121000418450200051332	COBRADA	2025-10-10	TRANSFERENCIA	0.00	105.00	F-201-001	Factura emitida automáticamente	0.00	21.00	500.00	605.00	201	101
502	ES9121000418450200051332	BORRADOR	2025-10-15	TRANSFERENCIA	0.00	73.50	F-201-002		0.00	21.00	350.00	423.50	201	101
503	ES9121000418450200051332	ENVIADA	2025-10-20	TRANSFERENCIA	0.00	88.20	F-201-003		0.00	21.00	420.00	508.20	201	101
504	ES9121000418450200051444	COBRADA	2025-10-10	TRANSFERENCIA	0.00	100.80	F-202-001		0.00	21.00	480.00	580.80	202	101
505	ES9121000418450200051444	BORRADOR	2025-10-15	TRANSFERENCIA	0.00	77.70	F-202-002		0.00	21.00	370.00	447.70	202	101
506	ES9121000418450200051444	ENVIADA	2025-10-20	TRANSFERENCIA	0.00	88.20	F-202-003		0.00	21.00	420.00	508.20	202	101
507	ES9121000418450200051555	COBRADA	2025-10-10	TRANSFERENCIA	0.00	94.50	F-203-001		0.00	21.00	450.00	544.50	203	102
508	ES9121000418450200051555	BORRADOR	2025-10-15	TRANSFERENCIA	0.00	67.20	F-203-002		0.00	21.00	320.00	387.20	203	102
509	ES9121000418450200051555	ENVIADA	2025-10-20	TRANSFERENCIA	0.00	86.10	F-203-003		0.00	21.00	410.00	496.10	203	102
510	ES9121000418450200051666	COBRADA	2025-10-10	TRANSFERENCIA	0.00	100.80	F-204-001		0.00	21.00	480.00	580.80	204	102
511	ES9121000418450200051666	BORRADOR	2025-10-15	TRANSFERENCIA	0.00	73.50	F-204-002		0.00	21.00	350.00	423.50	204	102
512	ES9121000418450200051666	ENVIADA	2025-10-20	TRANSFERENCIA	0.00	88.20	F-204-003		0.00	21.00	420.00	508.20	204	102
\.


--
-- Data for Name: servicios; Type: TABLE DATA; Schema: public; Owner: postgres
--

COPY public.servicios (id, albaran, cliente_final, conductor, destino, dieta, fecha_servicio, horas_espera, importe_espera, importe_servicio, km, matricula_vehiculo, observaciones, orden, origen, precio_dieta, precio_km, tipo_servicio, empresa_id, factura_id) FROM stdin;
409	A009	Cliente I	José Ruiz	Cuenca	f	2025-10-09	0.00	0.00	160.00	200	7777PPP		9	Toledo	0.00	0.80	Especial	201	\N
410	A010	Cliente J	Luis García	Valencia	f	2025-10-10	0.00	0.00	225.00	300	8888TTT		10	Cuenca	0.00	0.75	Transporte	201	\N
419	B009	Cliente I	José Ruiz	Cuenca	f	2025-10-09	0.00	0.00	160.00	200	7777PPP		9	Toledo	0.00	0.80	Especial	202	\N
420	B010	Cliente J	Luis García	Valencia	f	2025-10-10	0.00	0.00	225.00	300	8888TTT		10	Cuenca	0.00	0.75	Transporte	202	\N
429	C009	Cliente I	José Ruiz	Cuenca	f	2025-10-09	0.00	0.00	160.00	200	7777PPP		9	Toledo	0.00	0.80	Especial	203	\N
430	C010	Cliente J	Luis García	Valencia	f	2025-10-10	0.00	0.00	225.00	300	8888TTT		10	Cuenca	0.00	0.75	Transporte	203	\N
439	D009	Cliente I	José Ruiz	Cuenca	f	2025-10-09	0.00	0.00	160.00	200	7777PPP		9	Toledo	0.00	0.80	Especial	204	\N
440	D010	Cliente J	Luis García	Valencia	f	2025-10-10	0.00	0.00	225.00	300	8888TTT		10	Cuenca	0.00	0.75	Transporte	204	\N
401	A001	Cliente A	Juan Pérez	Madrid	f	2025-10-01	0.00	0.00	152.00	190	1234ABC	Sin incidencias	1	Valladolid	0.00	0.80	Transporte	201	501
402	A002	Cliente B	María López	León	t	2025-10-02	1.00	10.00	187.50	250	5678DEF	Entrega rápida	2	Madrid	5.00	0.75	Logística	201	501
403	A003	Cliente C	Carlos Ruiz	Soria	f	2025-10-03	0.00	0.00	210.00	300	9999GGG		3	León	0.00	0.70	Transporte	201	501
404	A004	Cliente D	Laura Díaz	Ávila	t	2025-10-04	0.00	0.00	210.00	280	4321HJK		4	Soria	5.00	0.75	Especial	201	502
405	A005	Cliente E	Pablo Gómez	Salamanca	f	2025-10-05	0.00	0.00	160.00	200	3456KLM		5	Ávila	0.00	0.80	Transporte	201	502
406	A006	Cliente F	Pedro López	Burgos	f	2025-10-06	0.00	0.00	165.00	220	1234JKL		6	Salamanca	0.00	0.75	Transporte	201	503
407	A007	Cliente G	Sergio Díaz	Madrid	f	2025-10-07	0.00	0.00	192.00	240	5555LLL		7	Burgos	0.00	0.80	Transporte	201	503
408	A008	Cliente H	Raúl Gómez	Toledo	t	2025-10-08	0.00	0.00	153.00	180	6543AAA		8	Madrid	5.00	0.85	Logística	201	503
411	B001	Cliente A	Juan Pérez	Madrid	f	2025-10-01	0.00	0.00	152.00	190	1234ABC	Sin incidencias	1	Valladolid	0.00	0.80	Transporte	202	504
412	B002	Cliente B	María López	León	t	2025-10-02	1.00	10.00	187.50	250	5678DEF	Entrega rápida	2	Madrid	5.00	0.75	Logística	202	504
413	B003	Cliente C	Carlos Ruiz	Soria	f	2025-10-03	0.00	0.00	210.00	300	9999GGG		3	León	0.00	0.70	Transporte	202	504
414	B004	Cliente D	Laura Díaz	Ávila	t	2025-10-04	0.00	0.00	210.00	280	4321HJK		4	Soria	5.00	0.75	Especial	202	505
415	B005	Cliente E	Pablo Gómez	Salamanca	f	2025-10-05	0.00	0.00	160.00	200	3456KLM		5	Ávila	0.00	0.80	Transporte	202	505
416	B006	Cliente F	Pedro López	Burgos	f	2025-10-06	0.00	0.00	165.00	220	1234JKL		6	Salamanca	0.00	0.75	Transporte	202	506
417	B007	Cliente G	Sergio Díaz	Madrid	f	2025-10-07	0.00	0.00	192.00	240	5555LLL		7	Burgos	0.00	0.80	Transporte	202	506
418	B008	Cliente H	Raúl Gómez	Toledo	t	2025-10-08	0.00	0.00	153.00	180	6543AAA		8	Madrid	5.00	0.85	Logística	202	506
421	C001	Cliente A	Juan Pérez	Madrid	f	2025-10-01	0.00	0.00	152.00	190	1234ABC	Sin incidencias	1	Valladolid	0.00	0.80	Transporte	203	507
422	C002	Cliente B	María López	León	t	2025-10-02	1.00	10.00	187.50	250	5678DEF	Entrega rápida	2	Madrid	5.00	0.75	Logística	203	507
423	C003	Cliente C	Carlos Ruiz	Soria	f	2025-10-03	0.00	0.00	210.00	300	9999GGG		3	León	0.00	0.70	Transporte	203	507
424	C004	Cliente D	Laura Díaz	Ávila	t	2025-10-04	0.00	0.00	210.00	280	4321HJK		4	Soria	5.00	0.75	Especial	203	508
425	C005	Cliente E	Pablo Gómez	Salamanca	f	2025-10-05	0.00	0.00	160.00	200	3456KLM		5	Ávila	0.00	0.80	Transporte	203	508
426	C006	Cliente F	Pedro López	Burgos	f	2025-10-06	0.00	0.00	165.00	220	1234JKL		6	Salamanca	0.00	0.75	Transporte	203	509
427	C007	Cliente G	Sergio Díaz	Madrid	f	2025-10-07	0.00	0.00	192.00	240	5555LLL		7	Burgos	0.00	0.80	Transporte	203	509
428	C008	Cliente H	Raúl Gómez	Toledo	t	2025-10-08	0.00	0.00	153.00	180	6543AAA		8	Madrid	5.00	0.85	Logística	203	509
431	D001	Cliente A	Juan Pérez	Madrid	f	2025-10-01	0.00	0.00	152.00	190	1234ABC	Sin incidencias	1	Valladolid	0.00	0.80	Transporte	204	510
432	D002	Cliente B	María López	León	t	2025-10-02	1.00	10.00	187.50	250	5678DEF	Entrega rápida	2	Madrid	5.00	0.75	Logística	204	510
433	D003	Cliente C	Carlos Ruiz	Soria	f	2025-10-03	0.00	0.00	210.00	300	9999GGG		3	León	0.00	0.70	Transporte	204	510
434	D004	Cliente D	Laura Díaz	Ávila	t	2025-10-04	0.00	0.00	210.00	280	4321HJK		4	Soria	5.00	0.75	Especial	204	511
435	D005	Cliente E	Pablo Gómez	Salamanca	f	2025-10-05	0.00	0.00	160.00	200	3456KLM		5	Ávila	0.00	0.80	Transporte	204	511
436	D006	Cliente F	Pedro López	Burgos	f	2025-10-06	0.00	0.00	165.00	220	1234JKL		6	Salamanca	0.00	0.75	Transporte	204	512
437	D007	Cliente G	Sergio Díaz	Madrid	f	2025-10-07	0.00	0.00	192.00	240	5555LLL		7	Burgos	0.00	0.80	Transporte	204	512
438	D008	Cliente H	Raúl Gómez	Toledo	t	2025-10-08	0.00	0.00	153.00	180	6543AAA		8	Madrid	5.00	0.85	Logística	204	512
\.


--
-- Data for Name: usuario_roles; Type: TABLE DATA; Schema: public; Owner: postgres
--

COPY public.usuario_roles (usuario_id, rol) FROM stdin;
1	ROLE_USER
\.


--
-- Data for Name: usuarios; Type: TABLE DATA; Schema: public; Owner: postgres
--

COPY public.usuarios (id, email, nombre, password) FROM stdin;
1	prueba@gmail.com	favila	$2a$10$EvkvN.MmNO33p0Uai.xoTe24MIdYeGptWJ4PHd/LREdBYVlKdy/m.
101	usuario1@example.com	usuario1	$2a$10$EvkvN.MmNO33p0Uai.xoTe24MIdYeGptWJ4PHd/LREdBYVlKdy/m.
102	usuario2@example.com	usuario2	$2a$10$EvkvN.MmNO33p0Uai.xoTe24MIdYeGptWJ4PHd/LREdBYVlKdy/m.
\.


--
-- Data for Name: viajes; Type: TABLE DATA; Schema: public; Owner: postgres
--

COPY public.viajes (id, destino, distancia, fecha, importe_total, origen, precio_km, empresa_id) FROM stdin;
301	Madrid	190.00	2025-10-01	152.00	Valladolid	0.80	201
302	Salamanca	210.00	2025-10-03	168.00	Madrid	0.80	201
303	León	230.00	2025-10-05	172.50	Burgos	0.75	201
304	Soria	250.00	2025-10-08	175.00	Zamora	0.70	201
305	Segovia	120.00	2025-10-10	102.00	Ávila	0.85	201
306	Bilbao	160.00	2025-10-02	144.00	Burgos	0.90	202
307	Vitoria	90.00	2025-10-04	85.50	Bilbao	0.95	202
308	Pamplona	130.00	2025-10-06	104.00	Vitoria	0.80	202
309	Logroño	150.00	2025-10-08	127.50	Pamplona	0.85	202
310	Zaragoza	180.00	2025-10-10	144.00	Logroño	0.80	202
311	Granada	250.00	2025-10-01	175.00	Sevilla	0.70	203
312	Málaga	130.00	2025-10-03	104.00	Granada	0.80	203
313	Jaén	110.00	2025-10-05	93.50	Córdoba	0.85	203
314	Huelva	100.00	2025-10-07	90.00	Sevilla	0.90	203
315	Cádiz	200.00	2025-10-09	150.00	Málaga	0.75	203
316	Lugo	120.00	2025-10-02	96.00	A Coruña	0.80	204
317	Ourense	140.00	2025-10-04	119.00	Lugo	0.85	204
318	Pontevedra	150.00	2025-10-06	120.00	Ourense	0.80	204
319	Ferrol	160.00	2025-10-08	120.00	Pontevedra	0.75	204
320	Santiago	180.00	2025-10-10	126.00	Ferrol	0.70	204
\.


--
-- Name: empresas_id_seq; Type: SEQUENCE SET; Schema: public; Owner: postgres
--

SELECT pg_catalog.setval('public.empresas_id_seq', 1, false);


--
-- Name: facturas_id_seq; Type: SEQUENCE SET; Schema: public; Owner: postgres
--

SELECT pg_catalog.setval('public.facturas_id_seq', 1, false);


--
-- Name: servicios_id_seq; Type: SEQUENCE SET; Schema: public; Owner: postgres
--

SELECT pg_catalog.setval('public.servicios_id_seq', 1, false);


--
-- Name: usuarios_id_seq; Type: SEQUENCE SET; Schema: public; Owner: postgres
--

SELECT pg_catalog.setval('public.usuarios_id_seq', 1, true);


--
-- Name: viajes_id_seq; Type: SEQUENCE SET; Schema: public; Owner: postgres
--

SELECT pg_catalog.setval('public.viajes_id_seq', 1, false);


--
-- Name: empresas empresas_pkey; Type: CONSTRAINT; Schema: public; Owner: postgres
--

ALTER TABLE ONLY public.empresas
    ADD CONSTRAINT empresas_pkey PRIMARY KEY (id);


--
-- Name: facturas facturas_pkey; Type: CONSTRAINT; Schema: public; Owner: postgres
--

ALTER TABLE ONLY public.facturas
    ADD CONSTRAINT facturas_pkey PRIMARY KEY (id);


--
-- Name: servicios servicios_pkey; Type: CONSTRAINT; Schema: public; Owner: postgres
--

ALTER TABLE ONLY public.servicios
    ADD CONSTRAINT servicios_pkey PRIMARY KEY (id);


--
-- Name: empresas uk8to9qnxq8i65isd0ys2yfeps0; Type: CONSTRAINT; Schema: public; Owner: postgres
--

ALTER TABLE ONLY public.empresas
    ADD CONSTRAINT uk8to9qnxq8i65isd0ys2yfeps0 UNIQUE (email);


--
-- Name: usuarios ukio49vjba68pmbgpy9vtw8vm81; Type: CONSTRAINT; Schema: public; Owner: postgres
--

ALTER TABLE ONLY public.usuarios
    ADD CONSTRAINT ukio49vjba68pmbgpy9vtw8vm81 UNIQUE (nombre);


--
-- Name: facturas ukm3ybkrgx2m3tj1tk6rp7sqjxt; Type: CONSTRAINT; Schema: public; Owner: postgres
--

ALTER TABLE ONLY public.facturas
    ADD CONSTRAINT ukm3ybkrgx2m3tj1tk6rp7sqjxt UNIQUE (numero_factura);


--
-- Name: usuarios usuarios_pkey; Type: CONSTRAINT; Schema: public; Owner: postgres
--

ALTER TABLE ONLY public.usuarios
    ADD CONSTRAINT usuarios_pkey PRIMARY KEY (id);


--
-- Name: viajes viajes_pkey; Type: CONSTRAINT; Schema: public; Owner: postgres
--

ALTER TABLE ONLY public.viajes
    ADD CONSTRAINT viajes_pkey PRIMARY KEY (id);


--
-- Name: empresas fk18r3jxa6l8a3wi8dngya6kx9t; Type: FK CONSTRAINT; Schema: public; Owner: postgres
--

ALTER TABLE ONLY public.empresas
    ADD CONSTRAINT fk18r3jxa6l8a3wi8dngya6kx9t FOREIGN KEY (usuario_id) REFERENCES public.usuarios(id);


--
-- Name: facturas fk7h3qmligsy2a1mp3ei41rdqag; Type: FK CONSTRAINT; Schema: public; Owner: postgres
--

ALTER TABLE ONLY public.facturas
    ADD CONSTRAINT fk7h3qmligsy2a1mp3ei41rdqag FOREIGN KEY (usuario_id) REFERENCES public.usuarios(id);


--
-- Name: servicios fkd05y97js7fi4dnemp51g3pg3q; Type: FK CONSTRAINT; Schema: public; Owner: postgres
--

ALTER TABLE ONLY public.servicios
    ADD CONSTRAINT fkd05y97js7fi4dnemp51g3pg3q FOREIGN KEY (empresa_id) REFERENCES public.empresas(id);


--
-- Name: facturas fkd3979hd5khrjhli95gylcf3ag; Type: FK CONSTRAINT; Schema: public; Owner: postgres
--

ALTER TABLE ONLY public.facturas
    ADD CONSTRAINT fkd3979hd5khrjhli95gylcf3ag FOREIGN KEY (empresa_id) REFERENCES public.empresas(id);


--
-- Name: servicios fkeawxkyjgf7lapia9wvq4jpkn5; Type: FK CONSTRAINT; Schema: public; Owner: postgres
--

ALTER TABLE ONLY public.servicios
    ADD CONSTRAINT fkeawxkyjgf7lapia9wvq4jpkn5 FOREIGN KEY (factura_id) REFERENCES public.facturas(id);


--
-- Name: viajes fknv7lxboxk2ahmiy0xi5dfqiw2; Type: FK CONSTRAINT; Schema: public; Owner: postgres
--

ALTER TABLE ONLY public.viajes
    ADD CONSTRAINT fknv7lxboxk2ahmiy0xi5dfqiw2 FOREIGN KEY (empresa_id) REFERENCES public.empresas(id);


--
-- Name: usuario_roles fkuu9tea04xb29m2km5lwe46ua; Type: FK CONSTRAINT; Schema: public; Owner: postgres
--

ALTER TABLE ONLY public.usuario_roles
    ADD CONSTRAINT fkuu9tea04xb29m2km5lwe46ua FOREIGN KEY (usuario_id) REFERENCES public.usuarios(id);


--
-- Name: SCHEMA public; Type: ACL; Schema: -; Owner: postgres
--

REVOKE USAGE ON SCHEMA public FROM PUBLIC;


--
-- PostgreSQL database dump complete
--

