--
-- PostgreSQL database dump
--

-- Dumped from database version 17.4
-- Dumped by pg_dump version 17.4

SET statement_timeout = 0;
SET lock_timeout = 0;
SET idle_in_transaction_session_timeout = 0;
SET transaction_timeout = 0;
SET client_encoding = 'UTF8';
SET standard_conforming_strings = on;
SELECT pg_catalog.set_config('search_path', '', false);
SET check_function_bodies = false;
SET xmloption = content;
SET client_min_messages = warning;
SET row_security = off;

--
-- Name: public; Type: SCHEMA; Schema: -; Owner: postgres
--

-- *not* creating schema, since initdb creates it


ALTER SCHEMA public OWNER TO postgres;

--
-- Name: SCHEMA public; Type: COMMENT; Schema: -; Owner: postgres
--

COMMENT ON SCHEMA public IS '';


SET default_tablespace = '';

SET default_table_access_method = heap;

--
-- Name: empresas; Type: TABLE; Schema: public; Owner: postgres
--

CREATE TABLE public.empresas (
    id bigint NOT NULL,
    cif character varying(255) NOT NULL,
    direccion character varying(255) NOT NULL,
    email character varying(150) NOT NULL,
    iban character varying(34),
    nombre character varying(255) NOT NULL,
    telefono character varying(255) NOT NULL,
    usuario_id bigint NOT NULL
);


ALTER TABLE public.empresas OWNER TO postgres;

--
-- Name: empresas_id_seq; Type: SEQUENCE; Schema: public; Owner: postgres
--

ALTER TABLE public.empresas ALTER COLUMN id ADD GENERATED BY DEFAULT AS IDENTITY (
    SEQUENCE NAME public.empresas_id_seq
    START WITH 1
    INCREMENT BY 1
    NO MINVALUE
    NO MAXVALUE
    CACHE 1
);


--
-- Name: facturas; Type: TABLE; Schema: public; Owner: postgres
--

CREATE TABLE public.facturas (
    id bigint NOT NULL,
    cuenta_bancaria character varying(255),
    estado character varying(20),
    fecha_emision date NOT NULL,
    forma_pago character varying(255),
    importe_irpf numeric(10,2),
    importe_iva numeric(10,2),
    numero_factura character varying(255) NOT NULL,
    observaciones text,
    porcentaje_irpf numeric(5,2),
    porcentaje_iva numeric(5,2) NOT NULL,
    total_bruto numeric(10,2) NOT NULL,
    total_factura numeric(10,2) NOT NULL,
    empresa_id bigint NOT NULL,
    usuario_id bigint NOT NULL
);


ALTER TABLE public.facturas OWNER TO postgres;

--
-- Name: facturas_id_seq; Type: SEQUENCE; Schema: public; Owner: postgres
--

ALTER TABLE public.facturas ALTER COLUMN id ADD GENERATED BY DEFAULT AS IDENTITY (
    SEQUENCE NAME public.facturas_id_seq
    START WITH 1
    INCREMENT BY 1
    NO MINVALUE
    NO MAXVALUE
    CACHE 1
);


--
-- Name: servicios; Type: TABLE; Schema: public; Owner: postgres
--

CREATE TABLE public.servicios (
    id bigint NOT NULL,
    albaran character varying(255),
    cliente_final character varying(255),
    conductor character varying(255),
    destino character varying(255) NOT NULL,
    dieta numeric(10,2),
    fecha_servicio date NOT NULL,
    horas_espera numeric(10,2),
    importe_espera numeric(10,2),
    importe_servicio numeric(10,2) NOT NULL,
    km integer NOT NULL,
    matricula_vehiculo character varying(255),
    observaciones text,
    orden integer,
    origen character varying(255) NOT NULL,
    precio_dieta numeric(10,2),
    precio_km numeric(10,2) NOT NULL,
    tipo_servicio character varying(255) NOT NULL,
    empresa_id bigint NOT NULL,
    factura_id bigint
);


ALTER TABLE public.servicios OWNER TO postgres;

--
-- Name: servicios_id_seq; Type: SEQUENCE; Schema: public; Owner: postgres
--

ALTER TABLE public.servicios ALTER COLUMN id ADD GENERATED BY DEFAULT AS IDENTITY (
    SEQUENCE NAME public.servicios_id_seq
    START WITH 1
    INCREMENT BY 1
    NO MINVALUE
    NO MAXVALUE
    CACHE 1
);


--
-- Name: usuario_roles; Type: TABLE; Schema: public; Owner: postgres
--

CREATE TABLE public.usuario_roles (
    usuario_id bigint NOT NULL,
    rol character varying(255)
);


ALTER TABLE public.usuario_roles OWNER TO postgres;

--
-- Name: usuarios; Type: TABLE; Schema: public; Owner: postgres
--

CREATE TABLE public.usuarios (
    id bigint NOT NULL,
    email character varying(255) NOT NULL,
    nombre character varying(255) NOT NULL,
    password character varying(255) NOT NULL
);


ALTER TABLE public.usuarios OWNER TO postgres;

--
-- Name: usuarios_id_seq; Type: SEQUENCE; Schema: public; Owner: postgres
--

ALTER TABLE public.usuarios ALTER COLUMN id ADD GENERATED BY DEFAULT AS IDENTITY (
    SEQUENCE NAME public.usuarios_id_seq
    START WITH 1
    INCREMENT BY 1
    NO MINVALUE
    NO MAXVALUE
    CACHE 1
);


--
-- Name: viajes; Type: TABLE; Schema: public; Owner: postgres
--

CREATE TABLE public.viajes (
    id bigint NOT NULL,
    destino character varying(255) NOT NULL,
    distancia numeric(10,2) NOT NULL,
    fecha date NOT NULL,
    importe_total numeric(10,2),
    origen character varying(255) NOT NULL,
    precio_km numeric(10,2) NOT NULL,
    empresa_id bigint NOT NULL
);


ALTER TABLE public.viajes OWNER TO postgres;

--
-- Name: viajes_id_seq; Type: SEQUENCE; Schema: public; Owner: postgres
--

ALTER TABLE public.viajes ALTER COLUMN id ADD GENERATED BY DEFAULT AS IDENTITY (
    SEQUENCE NAME public.viajes_id_seq
    START WITH 1
    INCREMENT BY 1
    NO MINVALUE
    NO MAXVALUE
    CACHE 1
);


--
-- Data for Name: empresas; Type: TABLE DATA; Schema: public; Owner: postgres
--

COPY public.empresas (id, cif, direccion, email, iban, nombre, telefono, usuario_id) FROM stdin;
1	C56781234	Calle San Fernando 15, Málaga	EtaIndustries@gmail.com	\N	EtaIndustries	916789012	6
2	D43218765	Paseo de la Castellana 101, Madrid	EcoWorld@gmail.com	\N	EcoWorld	911234567	7
3	Y22334455	Calle Gran Vía 23, Barcelona	OmicronHealth@gmail.com	\N	OmicronHealth	914567890	6
4	Q56789012	Calle Gran Vía 23, Barcelona	FutureSoft@gmail.com	\N	FutureSoft	910123456	6
5	P44332211	Paseo de la Castellana 101, Madrid	RedLine@gmail.com	\N	RedLine	919012345	4
6	Z66770088	Camino Real 42, Zaragoza	ThetaMedia@gmail.com	\N	ThetaMedia	912345678	12
7	K55667788	Paseo de la Castellana 101, Madrid	AlphaTech@gmail.com	\N	AlphaTech	913456789	6
8	H66778899	Camino Real 42, Zaragoza	KappaFinance@gmail.com	\N	KappaFinance	914567890	7
9	F21098765	Calle de Alcalá 56, Madrid	SmartBuild@gmail.com	\N	SmartBuild	912345678	7
10	L12345678	Calle de Alcalá 56, Madrid	TauEnterprises@gmail.com	\N	TauEnterprises	914567890	1
11	T66778899	Plaza de España 7, Valencia	GreenEnergy@gmail.com	\N	GreenEnergy	913456789	12
12	B87654321	Calle Mayor 12, Madrid	RhoSystems@gmail.com	\N	RhoSystems	918901234	4
13	R21098765	Rambla Catalunya 18, Barcelona	IotaFoods@gmail.com	\N	IotaFoods	910123456	5
14	B12349876	Calle Gran Vía 23, Barcelona	FastLogistics@gmail.com	\N	FastLogistics	915678901	1
15	E87651234	Calle San Fernando 15, Málaga	ZetaConsulting@gmail.com	\N	ZetaConsulting	913456789	2
16	G78901234	Calle Mayor 12, Madrid	Innovatek@gmail.com	\N	Innovatek	911234567	5
17	S99887766	Calle San Fernando 15, Málaga	MuNetworks@gmail.com	\N	MuNetworks	914567890	7
18	A98765432	Calle Gran Vía 23, Barcelona	SigmaMarketing@gmail.com	\N	SigmaMarketing	914567890	4
19	C11223344	Calle San Fernando 15, Málaga	UpsilonServices@gmail.com	\N	UpsilonServices	912345678	7
201	B12345678	Calle Mayor 10, Valladolid	empresa1@example.com	ES9121000418450200051332	Transporte Norte S.L.	600111222	101
202	B87654321	Avenida Castilla 22, Burgos	empresa2@example.com	ES9121000418450200051444	Logística Este S.A.	600333444	101
203	B11223344	Calle Real 5, Sevilla	empresa3@example.com	ES9121000418450200051555	Transportes del Sur S.L.	600555666	102
204	B99887766	Avenida Galicia 8, A Coruña	empresa4@example.com	ES9121000418450200051666	Servicios Atlántico S.L.	600777888	102
\.


--
-- Data for Name: facturas; Type: TABLE DATA; Schema: public; Owner: postgres
--

COPY public.facturas (id, cuenta_bancaria, estado, fecha_emision, forma_pago, importe_irpf, importe_iva, numero_factura, observaciones, porcentaje_irpf, porcentaje_iva, total_bruto, total_factura, empresa_id, usuario_id) FROM stdin;
1	\N	BORRADOR	2025-10-22	\N	190.17	266.24	F-0604	Factura de prueba generada automáticamente	15.00	21.00	1267.80	1343.87	1	7
2	\N	BORRADOR	2025-10-22	\N	38.88	54.43	F-0772	Factura de prueba generada automáticamente	15.00	21.00	259.20	274.75	3	12
3	\N	BORRADOR	2025-10-22	\N	54.27	75.98	F-0211	Factura de prueba generada automáticamente	15.00	21.00	361.80	383.51	5	11
4	\N	BORRADOR	2025-10-22	\N	53.01	74.21	F-0577	Factura de prueba generada automáticamente	15.00	21.00	353.40	374.60	6	2
5	\N	BORRADOR	2025-10-22	\N	197.28	276.19	F-0273	Factura de prueba generada automáticamente	15.00	21.00	1315.20	1394.11	7	5
6	\N	BORRADOR	2025-10-22	\N	69.66	97.52	F-0156	Factura de prueba generada automáticamente	15.00	21.00	464.40	492.26	8	9
7	\N	BORRADOR	2025-10-22	\N	70.92	99.29	F-0071	Factura de prueba generada automáticamente	15.00	21.00	472.80	501.17	9	1
8	\N	BORRADOR	2025-10-22	\N	16.65	23.31	F-0066	Factura de prueba generada automáticamente	15.00	21.00	111.00	117.66	13	6
9	\N	BORRADOR	2025-10-22	\N	198.45	277.83	F-0826	Factura de prueba generada automáticamente	15.00	21.00	1323.00	1402.38	15	11
10	\N	BORRADOR	2025-10-22	\N	76.05	106.47	F-0683	Factura de prueba generada automáticamente	15.00	21.00	507.00	537.42	19	10
501	ES9121000418450200051332	COBRADA	2025-10-10	TRANSFERENCIA	0.00	105.00	F-201-001	Factura emitida automáticamente	0.00	21.00	500.00	605.00	201	101
502	ES9121000418450200051332	BORRADOR	2025-10-15	TRANSFERENCIA	0.00	73.50	F-201-002		0.00	21.00	350.00	423.50	201	101
503	ES9121000418450200051332	ENVIADA	2025-10-20	TRANSFERENCIA	0.00	88.20	F-201-003		0.00	21.00	420.00	508.20	201	101
504	ES9121000418450200051444	COBRADA	2025-10-10	TRANSFERENCIA	0.00	100.80	F-202-001		0.00	21.00	480.00	580.80	202	101
505	ES9121000418450200051444	BORRADOR	2025-10-15	TRANSFERENCIA	0.00	77.70	F-202-002		0.00	21.00	370.00	447.70	202	101
506	ES9121000418450200051444	ENVIADA	2025-10-20	TRANSFERENCIA	0.00	88.20	F-202-003		0.00	21.00	420.00	508.20	202	101
507	ES9121000418450200051555	COBRADA	2025-10-10	TRANSFERENCIA	0.00	94.50	F-203-001		0.00	21.00	450.00	544.50	203	102
508	ES9121000418450200051555	BORRADOR	2025-10-15	TRANSFERENCIA	0.00	67.20	F-203-002		0.00	21.00	320.00	387.20	203	102
509	ES9121000418450200051555	ENVIADA	2025-10-20	TRANSFERENCIA	0.00	86.10	F-203-003		0.00	21.00	410.00	496.10	203	102
510	ES9121000418450200051666	COBRADA	2025-10-10	TRANSFERENCIA	0.00	100.80	F-204-001		0.00	21.00	480.00	580.80	204	102
511	ES9121000418450200051666	BORRADOR	2025-10-15	TRANSFERENCIA	0.00	73.50	F-204-002		0.00	21.00	350.00	423.50	204	102
512	ES9121000418450200051666	ENVIADA	2025-10-20	TRANSFERENCIA	0.00	88.20	F-204-003		0.00	21.00	420.00	508.20	204	102
\.


--
-- Data for Name: servicios; Type: TABLE DATA; Schema: public; Owner: postgres
--

COPY public.servicios (id, albaran, cliente_final, conductor, destino, dieta, fecha_servicio, horas_espera, importe_espera, importe_servicio, km, matricula_vehiculo, observaciones, orden, origen, precio_dieta, precio_km, tipo_servicio, empresa_id, factura_id) FROM stdin;
7	\N	Cliente 7	\N	Madrid	\N	2025-10-11	\N	\N	254.40	424	\N	Servicio de prueba número 7	\N	Zaragoza	\N	0.60	Transporte	9	\N
2	\N	Cliente 2	\N	Huesca	\N	2025-10-04	\N	\N	276.60	461	\N	Servicio de prueba número 2	\N	Ibiza	\N	0.60	Transporte	1	1
4	\N	Cliente 4	\N	Santiago de Compostela	\N	2025-10-03	\N	\N	468.60	781	\N	Servicio de prueba número 4	\N	Albacete	\N	0.60	Transporte	1	1
10	\N	Cliente 10	\N	Ciudad Real	\N	2025-10-21	\N	\N	522.60	871	\N	Servicio de prueba número 10	\N	Santander	\N	0.60	Transporte	1	1
14	\N	Cliente 14	\N	Sevilla	\N	2025-10-20	\N	\N	259.20	432	\N	Servicio de prueba número 14	\N	Segovia	\N	0.60	Transporte	3	2
12	\N	Cliente 12	\N	Valladolid	\N	2025-09-27	\N	\N	361.80	603	\N	Servicio de prueba número 12	\N	Gijón	\N	0.60	Transporte	5	3
19	\N	Cliente 19	\N	Tarragona	\N	2025-10-13	\N	\N	353.40	589	\N	Servicio de prueba número 19	\N	Madrid	\N	0.60	Transporte	6	4
1	\N	Cliente 1	\N	Granada	\N	2025-10-08	\N	\N	448.80	748	\N	Servicio de prueba número 1	\N	Ourense	\N	0.60	Transporte	7	5
16	\N	Cliente 16	\N	Logroño	\N	2025-09-25	\N	\N	508.80	848	\N	Servicio de prueba número 16	\N	Murcia	\N	0.60	Transporte	7	5
17	\N	Cliente 17	\N	Sevilla	\N	2025-10-03	\N	\N	357.60	596	\N	Servicio de prueba número 17	\N	Alicante	\N	0.60	Transporte	7	5
6	\N	Cliente 6	\N	Madrid	\N	2025-09-28	\N	\N	464.40	774	\N	Servicio de prueba número 6	\N	Logroño	\N	0.60	Transporte	8	6
3	\N	Cliente 3	\N	Logroño	\N	2025-09-28	\N	\N	472.80	788	\N	Servicio de prueba número 3	\N	Valencia	\N	0.60	Transporte	9	7
8	\N	Cliente 8	\N	Málaga	\N	2025-10-06	\N	\N	68.40	114	\N	Servicio de prueba número 8	\N	Teruel	\N	0.60	Transporte	13	8
13	\N	Cliente 13	\N	Ávila	\N	2025-10-14	\N	\N	42.60	71	\N	Servicio de prueba número 13	\N	Santander	\N	0.60	Transporte	13	8
5	\N	Cliente 5	\N	Cáceres	\N	2025-10-21	\N	\N	567.00	945	\N	Servicio de prueba número 5	\N	Lugo	\N	0.60	Transporte	15	9
11	\N	Cliente 11	\N	Salamanca	\N	2025-09-23	\N	\N	325.80	543	\N	Servicio de prueba número 11	\N	Córdoba	\N	0.60	Transporte	15	9
15	\N	Cliente 15	\N	Zaragoza	\N	2025-10-07	\N	\N	430.20	717	\N	Servicio de prueba número 15	\N	Santiago de Compostela	\N	0.60	Transporte	15	9
9	\N	Cliente 9	\N	La Coruña	\N	2025-10-15	\N	\N	133.20	222	\N	Servicio de prueba número 9	\N	Santander	\N	0.60	Transporte	19	10
18	\N	Cliente 18	\N	Cáceres	\N	2025-10-04	\N	\N	201.00	335	\N	Servicio de prueba número 18	\N	Valencia	\N	0.60	Transporte	19	10
20	\N	Cliente 20	\N	Jaén	\N	2025-09-27	\N	\N	172.80	288	\N	Servicio de prueba número 20	\N	Oviedo	\N	0.60	Transporte	19	10
409	A009	Cliente I	José Ruiz	Cuenca	0.00	2025-10-09	0.00	0.00	160.00	200	7777PPP		9	Toledo	0.00	0.80	Especial	201	\N
410	A010	Cliente J	Luis García	Valencia	0.00	2025-10-10	0.00	0.00	225.00	300	8888TTT		10	Cuenca	0.00	0.75	Transporte	201	\N
419	B009	Cliente I	José Ruiz	Cuenca	0.00	2025-10-09	0.00	0.00	160.00	200	7777PPP		9	Toledo	0.00	0.80	Especial	202	\N
420	B010	Cliente J	Luis García	Valencia	0.00	2025-10-10	0.00	0.00	225.00	300	8888TTT		10	Cuenca	0.00	0.75	Transporte	202	\N
429	C009	Cliente I	José Ruiz	Cuenca	0.00	2025-10-09	0.00	0.00	160.00	200	7777PPP		9	Toledo	0.00	0.80	Especial	203	\N
430	C010	Cliente J	Luis García	Valencia	0.00	2025-10-10	0.00	0.00	225.00	300	8888TTT		10	Cuenca	0.00	0.75	Transporte	203	\N
439	D009	Cliente I	José Ruiz	Cuenca	0.00	2025-10-09	0.00	0.00	160.00	200	7777PPP		9	Toledo	0.00	0.80	Especial	204	\N
440	D010	Cliente J	Luis García	Valencia	0.00	2025-10-10	0.00	0.00	225.00	300	8888TTT		10	Cuenca	0.00	0.75	Transporte	204	\N
401	A001	Cliente A	Juan Pérez	Madrid	0.00	2025-10-01	0.00	0.00	152.00	190	1234ABC	Sin incidencias	1	Valladolid	0.00	0.80	Transporte	201	501
402	A002	Cliente B	María López	León	10.00	2025-10-02	1.00	10.00	187.50	250	5678DEF	Entrega rápida	2	Madrid	5.00	0.75	Logística	201	501
403	A003	Cliente C	Carlos Ruiz	Soria	0.00	2025-10-03	0.00	0.00	210.00	300	9999GGG		3	León	0.00	0.70	Transporte	201	501
404	A004	Cliente D	Laura Díaz	Ávila	10.00	2025-10-04	0.00	0.00	210.00	280	4321HJK		4	Soria	5.00	0.75	Especial	201	502
405	A005	Cliente E	Pablo Gómez	Salamanca	0.00	2025-10-05	0.00	0.00	160.00	200	3456KLM		5	Ávila	0.00	0.80	Transporte	201	502
406	A006	Cliente F	Pedro López	Burgos	0.00	2025-10-06	0.00	0.00	165.00	220	1234JKL		6	Salamanca	0.00	0.75	Transporte	201	503
407	A007	Cliente G	Sergio Díaz	Madrid	0.00	2025-10-07	0.00	0.00	192.00	240	5555LLL		7	Burgos	0.00	0.80	Transporte	201	503
408	A008	Cliente H	Raúl Gómez	Toledo	5.00	2025-10-08	0.00	0.00	153.00	180	6543AAA		8	Madrid	5.00	0.85	Logística	201	503
411	B001	Cliente A	Juan Pérez	Madrid	0.00	2025-10-01	0.00	0.00	152.00	190	1234ABC	Sin incidencias	1	Valladolid	0.00	0.80	Transporte	202	504
412	B002	Cliente B	María López	León	10.00	2025-10-02	1.00	10.00	187.50	250	5678DEF	Entrega rápida	2	Madrid	5.00	0.75	Logística	202	504
413	B003	Cliente C	Carlos Ruiz	Soria	0.00	2025-10-03	0.00	0.00	210.00	300	9999GGG		3	León	0.00	0.70	Transporte	202	504
414	B004	Cliente D	Laura Díaz	Ávila	10.00	2025-10-04	0.00	0.00	210.00	280	4321HJK		4	Soria	5.00	0.75	Especial	202	505
415	B005	Cliente E	Pablo Gómez	Salamanca	0.00	2025-10-05	0.00	0.00	160.00	200	3456KLM		5	Ávila	0.00	0.80	Transporte	202	505
416	B006	Cliente F	Pedro López	Burgos	0.00	2025-10-06	0.00	0.00	165.00	220	1234JKL		6	Salamanca	0.00	0.75	Transporte	202	506
417	B007	Cliente G	Sergio Díaz	Madrid	0.00	2025-10-07	0.00	0.00	192.00	240	5555LLL		7	Burgos	0.00	0.80	Transporte	202	506
418	B008	Cliente H	Raúl Gómez	Toledo	5.00	2025-10-08	0.00	0.00	153.00	180	6543AAA		8	Madrid	5.00	0.85	Logística	202	506
421	C001	Cliente A	Juan Pérez	Madrid	0.00	2025-10-01	0.00	0.00	152.00	190	1234ABC	Sin incidencias	1	Valladolid	0.00	0.80	Transporte	203	507
422	C002	Cliente B	María López	León	10.00	2025-10-02	1.00	10.00	187.50	250	5678DEF	Entrega rápida	2	Madrid	5.00	0.75	Logística	203	507
423	C003	Cliente C	Carlos Ruiz	Soria	0.00	2025-10-03	0.00	0.00	210.00	300	9999GGG		3	León	0.00	0.70	Transporte	203	507
424	C004	Cliente D	Laura Díaz	Ávila	10.00	2025-10-04	0.00	0.00	210.00	280	4321HJK		4	Soria	5.00	0.75	Especial	203	508
425	C005	Cliente E	Pablo Gómez	Salamanca	0.00	2025-10-05	0.00	0.00	160.00	200	3456KLM		5	Ávila	0.00	0.80	Transporte	203	508
426	C006	Cliente F	Pedro López	Burgos	0.00	2025-10-06	0.00	0.00	165.00	220	1234JKL		6	Salamanca	0.00	0.75	Transporte	203	509
427	C007	Cliente G	Sergio Díaz	Madrid	0.00	2025-10-07	0.00	0.00	192.00	240	5555LLL		7	Burgos	0.00	0.80	Transporte	203	509
428	C008	Cliente H	Raúl Gómez	Toledo	5.00	2025-10-08	0.00	0.00	153.00	180	6543AAA		8	Madrid	5.00	0.85	Logística	203	509
431	D001	Cliente A	Juan Pérez	Madrid	0.00	2025-10-01	0.00	0.00	152.00	190	1234ABC	Sin incidencias	1	Valladolid	0.00	0.80	Transporte	204	510
432	D002	Cliente B	María López	León	10.00	2025-10-02	1.00	10.00	187.50	250	5678DEF	Entrega rápida	2	Madrid	5.00	0.75	Logística	204	510
433	D003	Cliente C	Carlos Ruiz	Soria	0.00	2025-10-03	0.00	0.00	210.00	300	9999GGG		3	León	0.00	0.70	Transporte	204	510
434	D004	Cliente D	Laura Díaz	Ávila	10.00	2025-10-04	0.00	0.00	210.00	280	4321HJK		4	Soria	5.00	0.75	Especial	204	511
435	D005	Cliente E	Pablo Gómez	Salamanca	0.00	2025-10-05	0.00	0.00	160.00	200	3456KLM		5	Ávila	0.00	0.80	Transporte	204	511
436	D006	Cliente F	Pedro López	Burgos	0.00	2025-10-06	0.00	0.00	165.00	220	1234JKL		6	Salamanca	0.00	0.75	Transporte	204	512
437	D007	Cliente G	Sergio Díaz	Madrid	0.00	2025-10-07	0.00	0.00	192.00	240	5555LLL		7	Burgos	0.00	0.80	Transporte	204	512
438	D008	Cliente H	Raúl Gómez	Toledo	5.00	2025-10-08	0.00	0.00	153.00	180	6543AAA		8	Madrid	5.00	0.85	Logística	204	512
\.


--
-- Data for Name: usuario_roles; Type: TABLE DATA; Schema: public; Owner: postgres
--

COPY public.usuario_roles (usuario_id, rol) FROM stdin;
1	ROLE_ADMIN
2	ROLE_ADMIN
3	ROLE_PRUEBA
4	ROLE_ADMIN
5	ROLE_ADMIN
6	ROLE_USER
7	ROLE_PRUEBA
8	ROLE_PRUEBA
9	ROLE_USER
10	ROLE_PRUEBA
11	ROLE_USER
12	ROLE_USER
13	pruebas
\.


--
-- Data for Name: usuarios; Type: TABLE DATA; Schema: public; Owner: postgres
--

COPY public.usuarios (id, email, nombre, password) FROM stdin;
1	OscarMolina@gmail.com	Oscar Molina	$2a$10$gCflTyipe2o8o3g5utjtjuaJsp5WoL4W8QOXzPuzKPIep63tE8Hxm
2	SaraRomero@gmail.com	Sara Romero	$2a$10$nJmaEVj.xr4Y4nUO0QJIVOPDPwHj2FP71rRjBAQdh5cH7yneQY5UO
3	ClaudiaNúñez@gmail.com	Claudia Núñez	$2a$10$0tsYclXZQ6iFwo4i5h0XDe7TCCn5qIX2nhAcpQh8nUl.6Hx3kwIsi
4	AndrésFuentes@gmail.com	Andrés Fuentes	$2a$10$Tw0TwzM5mscNLRYAP/AAZuS1XJsXaGS/s3bizPzMt.rGjYguiWnB6
5	BeatrizCampos@gmail.com	Beatriz Campos	$2a$10$yIcjYCnTk.MW/v4i9N0LoOReT2Jwl4FlqSEoSjRnYMoT/pJThvK22
6	FelipeLeón@gmail.com	Felipe León	$2a$10$C/6rZwzs957fW/vnRKjjuuCxI0gOBcFuTxAVVmk4yVm854iTd4IwS
7	JuanPérez@gmail.com	Juan Pérez	$2a$10$DCR.htwFNiCUDuOAA1IdDOooHEi5TULu6DMnpPuVTt1m6hn5Q3u5G
8	RaúlDomínguez@gmail.com	Raúl Domínguez	$2a$10$7Je.YpogkKyMPgZ.dutYFO/.tawWzLBQk8c/ZY1xsUEiggE5yK3FW
9	LauraJiménez@gmail.com	Laura Jiménez	$2a$10$w1W724x311tLP9blJ.XILOkBoHW4cTf7InqzZ96kgXArNx6hDMQ.m
10	CarmenSoto@gmail.com	Carmen Soto	$2a$10$g1hXaZkXOPETvq0s/EuuP.T89oeRq6oqfBoTY9vLyM.0jsfW7dcE.
11	PatriciaHerrera@gmail.com	Patricia Herrera	$2a$10$NwKImrmZEGd4ZTq2BwavJuNjfnRUueR62Bn4ndOwmt8pKhE1ZwEtO
12	AntonioIglesias@gmail.com	Antonio Iglesias	$2a$10$b9dbDHYI3wRK6lZWELbtJeF.s/786x6GE35l/.4IITXpij6reoMYa
13	pruebas@gmail.com	prueba1	$2a$10$o2y3pDisVIAMAhR3hM/c6.clS2HcfM8tiizRIPIdKm55uNi8.wy2m
102	usuario2@example.com	usuario2	pass2
101	usuario1@example.com	usuario1	$2a$10$gCflTyipe2o8o3g5utjtjuaJsp5WoL4W8QOXzPuzKPIep63tE8Hxm
\.


--
-- Data for Name: viajes; Type: TABLE DATA; Schema: public; Owner: postgres
--

COPY public.viajes (id, destino, distancia, fecha, importe_total, origen, precio_km, empresa_id) FROM stdin;
1	Cáceres	106.45	2018-08-27	\N	Valladolid	56.42	9
2	Gerona	255.96	2018-08-18	\N	Valladolid	87.74	6
3	Santander	238.48	2018-08-04	\N	Valladolid	62.27	8
4	Santander	146.19	2018-08-30	\N	Valladolid	7.29	4
5	Madrid	80.62	2018-08-09	\N	Valladolid	83.96	8
6	Cáceres	338.51	2018-08-26	\N	Valladolid	74.56	8
7	Santander	241.80	2018-09-15	\N	Valladolid	14.68	8
8	Murcia	121.94	2018-08-24	\N	Valladolid	25.25	7
9	Palma de Mallorca	273.02	2018-08-24	\N	Valladolid	47.27	4
10	Cáceres	402.32	2018-08-28	\N	Valladolid	77.38	5
11	Santander	497.77	2018-09-17	\N	Valladolid	53.61	2
12	Logroño	321.90	2018-08-21	\N	Valladolid	68.53	7
13	Teruel	361.93	2018-08-09	\N	Valladolid	82.19	3
14	Ourense	142.99	2018-08-06	\N	Valladolid	4.72	9
15	Huesca	334.54	2018-09-16	\N	Valladolid	42.66	2
16	Santander	443.15	2018-09-03	\N	Valladolid	5.18	6
17	Ibiza	85.62	2018-08-07	\N	Valladolid	8.38	12
18	Badajoz	312.88	2018-09-11	\N	Valladolid	12.63	8
19	Santander	264.06	2018-08-14	\N	Valladolid	20.58	2
20	Albacete	268.26	2018-08-03	\N	Valladolid	37.81	9
21	Logroño	191.71	2018-08-29	\N	Valladolid	82.31	12
22	Burgos	269.85	2018-08-28	\N	Valladolid	6.58	1
23	Ourense	268.33	2018-08-23	\N	Valladolid	58.74	2
24	Valladolid	172.41	2018-08-25	\N	Valladolid	56.27	7
25	Menorca	64.94	2018-08-02	\N	Valladolid	40.37	5
26	Oviedo	379.91	2018-08-03	\N	Valladolid	66.07	12
27	Córdoba	155.10	2018-08-23	\N	Valladolid	24.23	3
28	Sevilla	92.44	2018-08-22	\N	Valladolid	88.73	1
29	Pamplona	282.25	2018-08-03	\N	Valladolid	47.69	5
30	Santiago de Compostela	60.14	2018-08-18	\N	Valladolid	8.16	2
31	Gijón	413.87	2018-08-02	\N	Valladolid	10.36	12
32	León	460.66	2018-09-15	\N	Valladolid	45.49	8
33	Huesca	380.51	2018-08-10	\N	Valladolid	74.01	1
34	Ávila	340.04	2018-09-01	\N	Valladolid	18.24	7
35	Bilbao	204.85	2018-08-05	\N	Valladolid	5.84	12
36	Jaén	419.49	2018-09-01	\N	Valladolid	86.54	2
37	Vigo	453.80	2018-08-30	\N	Valladolid	35.62	5
38	Santander	386.12	2018-08-16	\N	Valladolid	2.73	1
39	Jaén	311.74	2018-08-11	\N	Valladolid	36.68	4
301	Madrid	190.00	2025-10-01	152.00	Valladolid	0.80	201
302	Salamanca	210.00	2025-10-03	168.00	Madrid	0.80	201
303	León	230.00	2025-10-05	172.50	Burgos	0.75	201
304	Soria	250.00	2025-10-08	175.00	Zamora	0.70	201
305	Segovia	120.00	2025-10-10	102.00	Ávila	0.85	201
306	Bilbao	160.00	2025-10-02	144.00	Burgos	0.90	202
307	Vitoria	90.00	2025-10-04	85.50	Bilbao	0.95	202
308	Pamplona	130.00	2025-10-06	104.00	Vitoria	0.80	202
309	Logroño	150.00	2025-10-08	127.50	Pamplona	0.85	202
310	Zaragoza	180.00	2025-10-10	144.00	Logroño	0.80	202
311	Granada	250.00	2025-10-01	175.00	Sevilla	0.70	203
312	Málaga	130.00	2025-10-03	104.00	Granada	0.80	203
313	Jaén	110.00	2025-10-05	93.50	Córdoba	0.85	203
314	Huelva	100.00	2025-10-07	90.00	Sevilla	0.90	203
315	Cádiz	200.00	2025-10-09	150.00	Málaga	0.75	203
316	Lugo	120.00	2025-10-02	96.00	A Coruña	0.80	204
317	Ourense	140.00	2025-10-04	119.00	Lugo	0.85	204
318	Pontevedra	150.00	2025-10-06	120.00	Ourense	0.80	204
319	Ferrol	160.00	2025-10-08	120.00	Pontevedra	0.75	204
320	Santiago	180.00	2025-10-10	126.00	Ferrol	0.70	204
\.


--
-- Name: empresas_id_seq; Type: SEQUENCE SET; Schema: public; Owner: postgres
--

SELECT pg_catalog.setval('public.empresas_id_seq', 19, true);


--
-- Name: facturas_id_seq; Type: SEQUENCE SET; Schema: public; Owner: postgres
--

SELECT pg_catalog.setval('public.facturas_id_seq', 10, true);


--
-- Name: servicios_id_seq; Type: SEQUENCE SET; Schema: public; Owner: postgres
--

SELECT pg_catalog.setval('public.servicios_id_seq', 20, true);


--
-- Name: usuarios_id_seq; Type: SEQUENCE SET; Schema: public; Owner: postgres
--

SELECT pg_catalog.setval('public.usuarios_id_seq', 13, true);


--
-- Name: viajes_id_seq; Type: SEQUENCE SET; Schema: public; Owner: postgres
--

SELECT pg_catalog.setval('public.viajes_id_seq', 39, true);


--
-- Name: empresas empresas_pkey; Type: CONSTRAINT; Schema: public; Owner: postgres
--

ALTER TABLE ONLY public.empresas
    ADD CONSTRAINT empresas_pkey PRIMARY KEY (id);


--
-- Name: facturas facturas_pkey; Type: CONSTRAINT; Schema: public; Owner: postgres
--

ALTER TABLE ONLY public.facturas
    ADD CONSTRAINT facturas_pkey PRIMARY KEY (id);


--
-- Name: servicios servicios_pkey; Type: CONSTRAINT; Schema: public; Owner: postgres
--

ALTER TABLE ONLY public.servicios
    ADD CONSTRAINT servicios_pkey PRIMARY KEY (id);


--
-- Name: empresas uk8to9qnxq8i65isd0ys2yfeps0; Type: CONSTRAINT; Schema: public; Owner: postgres
--

ALTER TABLE ONLY public.empresas
    ADD CONSTRAINT uk8to9qnxq8i65isd0ys2yfeps0 UNIQUE (email);


--
-- Name: usuarios ukio49vjba68pmbgpy9vtw8vm81; Type: CONSTRAINT; Schema: public; Owner: postgres
--

ALTER TABLE ONLY public.usuarios
    ADD CONSTRAINT ukio49vjba68pmbgpy9vtw8vm81 UNIQUE (nombre);


--
-- Name: facturas ukm3ybkrgx2m3tj1tk6rp7sqjxt; Type: CONSTRAINT; Schema: public; Owner: postgres
--

ALTER TABLE ONLY public.facturas
    ADD CONSTRAINT ukm3ybkrgx2m3tj1tk6rp7sqjxt UNIQUE (numero_factura);


--
-- Name: usuarios usuarios_pkey; Type: CONSTRAINT; Schema: public; Owner: postgres
--

ALTER TABLE ONLY public.usuarios
    ADD CONSTRAINT usuarios_pkey PRIMARY KEY (id);


--
-- Name: viajes viajes_pkey; Type: CONSTRAINT; Schema: public; Owner: postgres
--

ALTER TABLE ONLY public.viajes
    ADD CONSTRAINT viajes_pkey PRIMARY KEY (id);


--
-- Name: empresas fk18r3jxa6l8a3wi8dngya6kx9t; Type: FK CONSTRAINT; Schema: public; Owner: postgres
--

ALTER TABLE ONLY public.empresas
    ADD CONSTRAINT fk18r3jxa6l8a3wi8dngya6kx9t FOREIGN KEY (usuario_id) REFERENCES public.usuarios(id);


--
-- Name: facturas fk7h3qmligsy2a1mp3ei41rdqag; Type: FK CONSTRAINT; Schema: public; Owner: postgres
--

ALTER TABLE ONLY public.facturas
    ADD CONSTRAINT fk7h3qmligsy2a1mp3ei41rdqag FOREIGN KEY (usuario_id) REFERENCES public.usuarios(id);


--
-- Name: servicios fkd05y97js7fi4dnemp51g3pg3q; Type: FK CONSTRAINT; Schema: public; Owner: postgres
--

ALTER TABLE ONLY public.servicios
    ADD CONSTRAINT fkd05y97js7fi4dnemp51g3pg3q FOREIGN KEY (empresa_id) REFERENCES public.empresas(id);


--
-- Name: facturas fkd3979hd5khrjhli95gylcf3ag; Type: FK CONSTRAINT; Schema: public; Owner: postgres
--

ALTER TABLE ONLY public.facturas
    ADD CONSTRAINT fkd3979hd5khrjhli95gylcf3ag FOREIGN KEY (empresa_id) REFERENCES public.empresas(id);


--
-- Name: servicios fkeawxkyjgf7lapia9wvq4jpkn5; Type: FK CONSTRAINT; Schema: public; Owner: postgres
--

ALTER TABLE ONLY public.servicios
    ADD CONSTRAINT fkeawxkyjgf7lapia9wvq4jpkn5 FOREIGN KEY (factura_id) REFERENCES public.facturas(id);


--
-- Name: viajes fknv7lxboxk2ahmiy0xi5dfqiw2; Type: FK CONSTRAINT; Schema: public; Owner: postgres
--

ALTER TABLE ONLY public.viajes
    ADD CONSTRAINT fknv7lxboxk2ahmiy0xi5dfqiw2 FOREIGN KEY (empresa_id) REFERENCES public.empresas(id);


--
-- Name: usuario_roles fkuu9tea04xb29m2km5lwe46ua; Type: FK CONSTRAINT; Schema: public; Owner: postgres
--

ALTER TABLE ONLY public.usuario_roles
    ADD CONSTRAINT fkuu9tea04xb29m2km5lwe46ua FOREIGN KEY (usuario_id) REFERENCES public.usuarios(id);


--
-- Name: SCHEMA public; Type: ACL; Schema: -; Owner: postgres
--

REVOKE USAGE ON SCHEMA public FROM PUBLIC;


--
-- PostgreSQL database dump complete
--

